title,url
Still Growing 2.0 Oversized Tee,www.wholesomeculture.com/cdn/shop/files/Artboard20_16_1024x1024.png?v=1687441371
Let That Sh*t Go 2.0 Oversized Tee,www.wholesomeculture.com/cdn/shop/files/BoyfriendTee-Cream-Ladies-4_1_950ba62a-15d5-4d15-a308-cba1a2e8afac_1024x1024.jpg?v=1687441371
Still Growing Basic Tee,www.wholesomeculture.com/cdn/shop/files/Artboard20_15_1024x1024.png?v=1687441255
Grow Positive Thoughts Basic Tee,www.wholesomeculture.com/cdn/shop/files/BoyfriendTee-Black-Ladies-5_b982b3c8-b9bd-42bc-882c-6cd75cffe381_1024x1024.jpg?v=1687441255
A Little More Kindness 2.0 Oversized Tee,www.wholesomeculture.com/cdn/shop/files/Artboard20_8_32bcc595-8b92-4a90-93a1-e3a4bcaa7110_1024x1024.png?v=1687442547
Bloom Where You Are Planted Basic Tee,www.wholesomeculture.com/cdn/shop/files/Artboard20_12_1024x1024.png?v=1687442547
Be Kind To Your Mind Basic Tee,www.wholesomeculture.com/cdn/shop/files/Artboard20_13_1024x1024.png?v=1687442279
Bee Kind 2.0 Oversized Tee,www.wholesomeculture.com/cdn/shop/files/Artboard20_14_1024x1024.png?v=1687442279
It's All Connected Basic Tee,www.wholesomeculture.com/cdn/shop/files/Tees-2_1024x1024.png?v=1664648813
Cats Naps and Snacks 2.0 Oversized Tee,www.wholesomeculture.com/cdn/shop/files/Artboard20_7_6fbf8239-ca5c-4bfd-bcfe-b5bf41f9c88a_1024x1024.png?v=1687441763
It's All Connected 2.0 Oversized Tee,www.wholesomeculture.com/cdn/shop/files/BoyfriendTee-Black-Ladies-5_70ea1d05-fa29-4ad5-85b1-1cacfdce769e_1024x1024.jpg?v=1687441763
Bloom Where You Are Planted 2.0 Oversized Tee,www.wholesomeculture.com/cdn/shop/files/Artboard20_6_50264051-989a-4c4e-87c9-c2fd821be72a_1024x1024.png?v=1687441677
Nature's Child Oversized Tee,www.wholesomeculture.com/cdn/shop/files/BoyfriendTee-Cream-Ladies-4_1_7b7b46d5-5250-4aeb-b16e-6fa701eb453e_1024x1024.jpg?v=1687441677
Bee Kind Basic Tee,www.wholesomeculture.com/cdn/shop/files/Artboard20_5_8ea0e8a3-5920-4bea-bde7-fe0bbecab9fb_1024x1024.png?v=1687383279
Walk Gently Basic Tee,www.wholesomeculture.com/cdn/shop/files/Artboard20_17_1024x1024.png?v=1687383279
Keep Her Wild 2.0 Oversized Tee,www.wholesomeculture.com/cdn/shop/files/Artboard20_9_1024x1024.png?v=1687383090
Let That Basic Tee,www.wholesomeculture.com/cdn/shop/files/Artboard10_fba75fda-6ff2-4abd-80ba-8b6c664e8c71_1024x1024.png?v=1687383090
Grow Positive Thoughts 2.0 Oversized Tee,www.wholesomeculture.com/cdn/shop/files/Artboard20_3_ef08d14c-2fca-409e-b32c-3fc974256ef0_1024x1024.png?v=1687442776
Walk Gently 2.0 Oversized Tee,www.wholesomeculture.com/cdn/shop/files/Artboard10_88f36041-045a-4b3d-93c5-f1b57bc3bbb6_1024x1024.png?v=1687442776
Grow Your Own Way Basic Tee,www.wholesomeculture.com/cdn/shop/files/Artboard20_4_27e36276-b595-4db8-99ca-07fcc8f868b0_1024x1024.png?v=1687442720
Abundance is a Mindset Oversized Tee,www.wholesomeculture.com/cdn/shop/files/Artboard11_3d2e3b0b-8725-4e2d-a007-823fd3cd98fc_1024x1024.png?v=1687442720
